2025-07-25 11:47:45,Male
2025-07-25 11:47:50,Male
2025-07-25 11:47:55,Male
2025-07-25 11:48:00,Male
2025-07-25 11:48:07,Male
2025-07-25 11:52:59,Male
2025-07-25 11:53:04,Male
2025-07-25 11:53:09,Male
2025-07-25 11:53:14,Male
2025-07-25 11:53:19,Male
2025-07-25 11:53:24,Male
2025-07-25 11:53:29,Male
2025-07-25 11:53:34,Female
2025-07-25 11:53:39,Female
2025-07-25 11:53:45,Female
2025-07-25 11:53:50,Male
2025-07-25 11:57:11,Male
2025-07-25 11:57:16,Female
2025-07-25 11:57:21,Female
2025-07-25 12:08:26,Male
2025-07-25 12:08:36,Male
2025-07-25 12:08:52,Male
2025-07-25 12:09:11,Female
2025-07-25 12:32:23,Male
2025-07-25 12:33:04,Female
2025-07-25 12:33:29,Male
2025-07-25 15:50:34,Male
2025-07-25 15:50:44,Male
2025-07-25 15:53:01,Male
2025-07-25 15:53:59,Male
2025-07-25 16:00:03,Male
2025-07-25 16:00:13,Male
2025-07-25 16:00:33,Male
2025-07-25 16:01:06,Male
2025-07-25 16:06:19,Male
2025-07-25 16:06:29,Male
2025-07-25 16:06:39,Male
2025-07-25 16:07:33,Female
2025-07-25 16:07:43,Female
2025-07-25 16:08:39,Male
2025-07-25 16:08:53,Male
2025-07-25 16:09:03,Male
2025-07-25 16:09:13,Male
2025-07-25 16:10:07,Male
2025-07-25 16:10:24,Female
2025-07-25 16:10:57,Male
2025-07-25 16:11:08,Male
2025-07-25 16:11:20,Female
2025-07-27 19:29:21,Male
2025-07-27 19:29:32,Male
2025-07-27 19:41:29,Male
2025-07-27 19:43:33,Male
2025-07-27 19:43:43,Male
2025-07-27 19:55:41,Male
2025-07-27 19:55:52,Male
2025-07-27 19:57:00,Female
2025-07-27 19:59:43,Male
2025-07-27 20:45:04,Male
2025-07-27 20:45:30,Male
2025-07-27 20:45:45,Male
2025-07-27 20:46:47,Male
2025-07-27 21:43:39,Male
2025-07-27 21:43:49,Male
2025-07-27 21:43:59,Male
2025-07-27 21:44:16,Male
2025-07-27 21:45:24,Male
2025-07-27 21:48:02,Male
2025-07-27 21:48:43,Female
2025-07-27 21:48:53,Female
2025-07-27 23:23:26,Male
2025-07-27 23:26:26,Male
2025-07-27 23:26:34,Male
2025-07-29 10:50:34,Male
2025-07-29 17:46:40,Male
2025-07-29 21:25:12,Male
2025-07-29 21:25:28,Male
2025-07-29 21:32:24,Male
2025-07-29 21:33:00,Male
2025-07-29 21:33:39,Male
2025-07-29 21:33:50,Male
2025-07-29 21:37:38,Male
2025-07-29 21:37:50,Male
2025-07-29 21:38:16,Male
2025-07-29 21:38:39,Male
2025-07-29 21:42:52,Male
2025-07-29 21:44:15,Male
2025-07-29 21:46:28,Male
2025-07-29 21:48:29,Male
2025-07-29 21:52:26,Male
2025-07-29 21:54:18,Male
2025-07-29 21:55:30,Male
2025-07-29 21:56:37,Male
2025-07-29 21:57:14,Male
2025-07-29 21:59:35,Male
2025-07-29 22:21:32,Male
2025-07-29 22:21:52,Male
2025-07-29 22:22:24,Male
2025-07-29 22:28:33,Male
2025-07-29 22:28:44,Male
2025-07-29 22:31:14,Male
2025-07-29 22:31:26,Male
2025-07-29 22:32:08,Male
2025-07-29 22:34:23,Male
2025-07-29 22:34:34,Male
2025-07-29 22:34:44,Male
2025-07-29 22:36:17,Male
2025-07-29 22:36:27,Male
2025-07-29 22:44:31,Male
2025-07-29 22:45:08,Male
2025-07-29 22:45:39,Male
2025-07-29 22:46:41,Female
2025-07-30 22:12:30,Male
2025-07-30 22:13:10,Male
2025-07-30 22:42:08,Male
2025-07-30 22:43:34,Male
2025-07-30 22:44:58,Male
2025-07-30 22:47:35,Male
2025-07-30 22:47:55,Male
2025-07-30 22:48:08,Male
2025-08-11 23:47:55,Male
2025-08-11 23:48:12,Male
2025-08-11 23:48:22,Male
2025-08-11 23:48:46,Male
2025-08-11 23:49:28,Male
2025-08-11 23:50:53,Male
2025-08-11 23:52:36,Male
2025-08-11 23:54:14,Male
2025-08-18 20:44:58,Male
2025-08-18 20:45:25,Male
2025-08-18 20:46:18,Male
2025-08-18 20:57:43,Male
2025-08-18 20:59:28,Male
2025-08-18 21:03:16,Male
2025-08-18 21:07:22,Male
2025-08-18 21:07:32,Male
2025-08-18 21:07:46,Male
2025-08-29 12:41:16,Male
2025-08-29 12:41:43,Male
2025-08-29 15:45:47,Male
2025-08-29 16:06:03,Male
2025-08-29 16:06:14,Male
2025-08-29 16:06:26,Male
2025-08-29 16:06:48,Female
2025-08-29 16:07:43,Female
2025-08-29 16:09:39,Female
2025-08-29 16:09:55,Male
2025-08-29 16:10:11,Male
2025-08-31 17:37:58,Male
2025-08-31 20:22:34,Male
2025-08-31 20:23:02,Male
2025-08-31 20:23:39,Male
2025-08-31 20:25:03,Male
2025-08-31 20:25:32,Male
2025-08-31 20:28:45,Male
2025-08-31 20:28:56,Male
2025-08-31 20:29:07,Male
2025-08-31 20:29:24,Female
2025-08-31 20:30:24,Female
2025-08-31 20:31:27,Male
2025-08-31 20:36:11,Male
2025-08-31 20:38:53,Female
2025-08-31 20:42:09,Male
2025-08-31 20:42:35,Male
2025-08-31 20:42:54,Male
2025-08-31 20:45:00,Female
2025-08-31 20:45:26,Male
2025-09-01 09:52:51,Male
2025-09-01 09:53:13,Male
2025-09-01 09:53:58,Male
2025-09-01 11:10:03,Male
2025-09-01 11:12:49,Female
2025-09-01 11:21:27,Male
2025-09-01 11:23:33,Female
2025-09-06 22:27:19,Male
